{"stat.walkOneCm":49472,"stat.pickup.immersiveengineering.seed":2,"stat.useItem.srparasites.itemmobspawner_pheon":4,"stat.useItem.srparasites.itemmobspawner_esor":3,"stat.damageTaken":50,"stat.pickup.minecraft.leather":2,"stat.useItem.flammpfeil.slashblade.slashbladewrapper":85,"stat.useItem.swparasites.warhammer_sentient":8,"stat.useItem.srparasites.itemmobspawner_jinjo":2,"stat.mobKills":13,"stat.pickup.srparasites.assimilated_flesh":23,"stat.killEntity.Creeper":2,"stat.pickup.srparasites.lurecomponent5":3,"stat.flyOneCm":107705,"stat.pickup.minecraft.wheat_seeds":3,"stat.jump":73,"stat.swimOneCm":764,"stat.playOneMinute":45822,"stat.fallOneCm":1257,"stat.pickup.minecraft.beef":2,"stat.sneakTime":146,"stat.damageDealt":1987,"stat.pickup.minecraft.gunpowder":2,"stat.crouchOneCm":608,"stat.timeSinceDeath":45822,"stat.killEntity.Cow":5,"stat.sprintOneCm":14310,"stat.diveOneCm":566}