{"stat.useItem.srparasites.itemmobspawner_nuuh":2,"stat.walkOneCm":74463,"stat.pickup.immersiveengineering.seed":2,"stat.useItem.srparasites.itemmobspawner_pheon":4,"stat.useItem.srparasites.itemmobspawner_esor":3,"stat.useItem.flammpfeil.slashblade.slashbladewrapper":85,"stat.killEntity.Creeper":2,"stat.pickup.srparasites.lurecomponent5":5,"stat.jump":85,"stat.swimOneCm":764,"stat.fallOneCm":1257,"stat.pickup.minecraft.beef":2,"stat.pickup.minecraft.gunpowder":2,"stat.crouchOneCm":608,"stat.sprintOneCm":23350,"stat.useItem.minecraft.stone_slab2":13,"stat.useItem.srparasites.itemmobspawner_ferbear":2,"stat.damageTaken":50,"stat.pickup.minecraft.leather":2,"stat.useItem.swparasites.warhammer_sentient":8,"stat.useItem.srparasites.itemmobspawner_jinjo":2,"stat.mobKills":17,"stat.pickup.srparasites.assimilated_flesh":23,"stat.useItem.srparasites.itemmobspawner_omboo":1,"stat.flyOneCm":127637,"stat.pickup.minecraft.wheat_seeds":3,"stat.playOneMinute":57259,"stat.sneakTime":146,"stat.damageDealt":1987,"stat.useItem.srparasites.itemmobspawner_alafha":1,"stat.useItem.srparasites.itemmobspawner_emanaadapted":2,"stat.timeSinceDeath":57259,"stat.killEntity.Cow":5,"stat.diveOneCm":566}