{
  "minecraft:adventure/root": {
    "criteria": {
      "killed_something": "2025-02-08 13:58:16 +0800"
    },
    "done": true
  },
  "flammpfeil.slashblade:root": {
    "criteria": {
      "attackTheEntity": "2025-02-08 13:58:16 +0800"
    },
    "done": false
  },
  "minecraft:adventure/shoot_arrow": {
    "criteria": {
      "shot_arrow": "2025-02-08 13:59:24 +0800"
    },
    "done": true
  },
  "minecraft:adventure/adventuring_time": {
    "criteria": {
      "plains": "2025-02-08 13:31:59 +0800"
    },
    "done": false
  }
}