{
  "minecraft:recipes/decorations/item_frame": {
    "criteria": {
      "has_leather": "2025-02-08 14:50:35 +0800"
    },
    "done": true
  },
  "immersiveengineering:main/craft_chemthrower": {
    "criteria": {
      "craft_hammer": "2025-02-08 14:23:55 +0800"
    },
    "done": true
  },
  "minecraft:recipes/redstone/tnt": {
    "criteria": {
      "has_gunpowder": "2025-02-08 14:50:37 +0800"
    },
    "done": true
  },
  "minecraft:recipes/combat/leather_chestplate": {
    "criteria": {
      "has_leather": "2025-02-08 14:50:35 +0800"
    },
    "done": true
  },
  "minecraft:recipes/transportation/dark_oak_boat": {
    "criteria": {
      "entered_water": "2025-02-08 14:29:03 +0800"
    },
    "done": true
  },
  "minecraft:recipes/decorations/chest": {
    "criteria": {
      "has_lots_of_items": "2025-02-08 14:28:25 +0800"
    },
    "done": true
  },
  "minecraft:recipes/transportation/birch_boat": {
    "criteria": {
      "entered_water": "2025-02-08 14:29:03 +0800"
    },
    "done": true
  },
  "minecraft:adventure/kill_a_mob": {
    "criteria": {
      "creeper": "2025-02-08 14:50:36 +0800"
    },
    "done": true
  },
  "flammpfeil.slashblade:root": {
    "criteria": {
      "useWoodenSword": "2025-02-08 14:29:10 +0800",
      "attackTheEntity": "2025-02-08 13:58:16 +0800"
    },
    "done": true
  },
  "minecraft:adventure/kill_all_mobs": {
    "criteria": {
      "creeper": "2025-02-08 14:50:36 +0800"
    },
    "done": false
  },
  "mekanism:root": {
    "criteria": {
      "location": "2025-02-08 14:25:58 +0800"
    },
    "done": true
  },
  "minecraft:recipes/transportation/acacia_boat": {
    "criteria": {
      "entered_water": "2025-02-08 14:29:03 +0800"
    },
    "done": true
  },
  "minecraft:adventure/root": {
    "criteria": {
      "killed_something": "2025-02-08 13:58:16 +0800"
    },
    "done": true
  },
  "minecraft:recipes/transportation/boat": {
    "criteria": {
      "entered_water": "2025-02-08 14:29:03 +0800"
    },
    "done": true
  },
  "minecraft:recipes/combat/leather_boots": {
    "criteria": {
      "has_leather": "2025-02-08 14:50:35 +0800"
    },
    "done": true
  },
  "minecraft:recipes/transportation/jungle_boat": {
    "criteria": {
      "entered_water": "2025-02-08 14:29:03 +0800"
    },
    "done": true
  },
  "minecraft:adventure/shoot_arrow": {
    "criteria": {
      "shot_arrow": "2025-02-08 13:59:24 +0800"
    },
    "done": true
  },
  "minecraft:recipes/transportation/spruce_boat": {
    "criteria": {
      "entered_water": "2025-02-08 14:29:03 +0800"
    },
    "done": true
  },
  "minecraft:recipes/combat/leather_helmet": {
    "criteria": {
      "has_leather": "2025-02-08 14:50:35 +0800"
    },
    "done": true
  },
  "minecraft:adventure/adventuring_time": {
    "criteria": {
      "forest": "2025-02-08 14:43:44 +0800",
      "birch_forest": "2025-02-08 15:47:25 +0800",
      "plains": "2025-02-08 13:31:59 +0800"
    },
    "done": false
  },
  "minecraft:recipes/combat/leather_leggings": {
    "criteria": {
      "has_leather": "2025-02-08 14:50:35 +0800"
    },
    "done": true
  },
  "mekanism:playing_with_fire": {
    "criteria": {
      "mekanism_playing_with_fire": "2025-02-08 14:41:02 +0800"
    },
    "done": true
  }
}