{"stat.walkOneCm":25255,"stat.killEntity.Chicken":1,"stat.useItem.srparasites.itemmobspawner_pheon":1,"stat.leaveGame":2,"stat.pickup.minecraft.leather":2,"stat.useItem.srparasites.itemmobspawner_jinjo":3,"stat.mobKills":8,"stat.flyOneCm":36275,"stat.pickup.minecraft.wheat_seeds":2,"stat.jump":49,"stat.swimOneCm":181,"stat.playOneMinute":40078,"stat.climbOneCm":222,"stat.pickup.minecraft.beef":7,"stat.sneakTime":24,"stat.crouchOneCm":43,"stat.timeSinceDeath":40078,"stat.killEntity.Cow":5,"stat.sprintOneCm":4104,"stat.useItem.minecraft.stone_slab2":5}